Drill,Frame,Coach Accuracy %,Student Accuracy %,Pose Similarity %,Coach Ball,Student Ball,CLIP Label,CLIP Similarity
Drill 1,1,88.24,47.06,48.13,"(365, 163)","(778, 302)",kick,100.0
Drill 1,2,94.12,29.41,47.01,"(373, 191)","(751, 400)",kick,100.0
Drill 1,3,88.24,29.41,45.37,"(362, 163)","(751, 249)",kick,100.0
Drill 1,4,94.12,35.29,47.33,"(359, 184)","(769, 365)",kick,100.0
Drill 1,5,94.12,29.41,50.98,"(367, 305)","(736, 376)",kick,100.0
Drill 1,6,94.12,23.53,51.0,"(331, 253)","(778, 301)",kick,100.0
Drill 1,7,94.12,23.53,48.76,"(326, 250)","(749, 259)",kick,100.0
Drill 1,8,94.12,35.29,49.37,"(364, 163)","(785, 311)",kick,100.0
Drill 1,9,94.12,64.71,56.17,"(369, 285)","(770, 375)",kick,100.0
Drill 1,10,94.12,70.59,56.0,"(619, 397)","(649, 128)",kick,100.0
Drill 1,11,88.24,58.82,54.05,"(365, 160)","(764, 397)",kick,100.0
Drill 1,12,88.24,58.82,55.64,"(359, 175)","(749, 326)",kick,100.0
Drill 1,13,94.12,70.59,57.29,"(374, 167)","(737, 397)",kick,100.0
Drill 1,14,88.24,58.82,54.46,"(610, 400)","(745, 331)",kick,100.0
Drill 1,15,94.12,41.18,51.05,"(365, 179)","(647, 141)",kick,100.0
Drill 1,16,94.12,11.76,47.95,"(407, 316)","(686, 134)",kick,100.0
Drill 1,17,94.12,0.0,0.0,"(411, 315)","(662, 141)",kick,100.0
Drill 1,18,94.12,0.0,0.0,"(362, 176)","(749, 351)",kick,100.0
Drill 1,19,94.12,0.0,0.0,"(363, 177)","(647, 164)",kick,100.0
Drill 1,20,100.0,0.0,0.0,"(359, 175)","(745, 304)",kick,100.0
Drill 1,21,100.0,35.29,55.0,"(367, 172)","(770, 92)",kick,100.0
Drill 1,22,100.0,0.0,0.0,"(368, 170)","(687, 69)",kick,100.0
Drill 1,23,100.0,29.41,51.31,"(326, 87)","(681, 94)",kick,100.0
Drill 1,24,100.0,52.94,54.45,"(430, 91)","(682, 94)",kick,100.0
Drill 1,25,100.0,35.29,53.07,"(797, 118)","(706, 199)",kick,100.0
Drill 1,26,94.12,64.71,58.3,"(321, 85)","(743, 121)",kick,100.0
Drill 1,27,100.0,52.94,54.07,"(801, 113)","(729, 352)",kick,100.0
Drill 1,28,94.12,64.71,57.53,"(371, 158)","(722, 412)",kick,100.0
Drill 1,29,94.12,64.71,58.66,"(379, 166)","(781, 110)",kick,100.0
Drill 1,30,100.0,52.94,55.97,"(376, 164)","(656, 135)",kick,100.0
Drill 1,31,94.12,35.29,52.65,"(377, 163)","(259, 285)",kick,100.0
Drill 1,32,94.12,11.76,55.05,"(386, 172)","(440, 273)",kick,100.0
Drill 1,33,94.12,35.29,56.81,"(393, 175)","(766, 151)",kick,100.0
Drill 1,34,100.0,41.18,59.63,"(391, 170)","(663, 339)",kick,100.0
Drill 1,35,100.0,11.76,59.63,"(398, 172)","(797, 337)",kick,100.0
Drill 1,36,100.0,35.29,57.36,"(419, 293)","(245, 158)",kick,100.0
Drill 1,37,100.0,35.29,58.31,"(383, 166)","(371, 279)",kick,100.0
Drill 1,38,94.12,47.06,61.65,"(459, 323)","(794, 385)",kick,100.0
Drill 1,39,100.0,64.71,65.91,"(418, 146)","(345, 285)",kick,100.0
Drill 1,40,100.0,58.82,62.63,"(424, 163)","(773, 175)",kick,100.0
Drill 1,41,94.12,64.71,64.33,"(434, 176)","(245, 179)",kick,100.0
Drill 1,42,94.12,52.94,63.93,"(463, 289)","(431, 291)",kick,100.0
Drill 1,43,100.0,64.71,69.25,"(739, 109)","(790, 215)",kick,100.0
Drill 1,44,88.24,47.06,67.41,"(443, 179)","(245, 209)",kick,100.0
Drill 1,45,94.12,47.06,67.45,"(437, 163)","(311, 190)",kick,100.0
Drill 1,46,88.24,0.0,0.0,"(649, 127)","(466, 243)",kick,100.0
Drill 1,47,94.12,23.53,62.41,"(503, 137)","(253, 211)",kick,100.0
Drill 1,48,100.0,47.06,64.0,"(471, 307)","(259, 148)",kick,100.0
Drill 1,49,100.0,58.82,69.63,"(472, 359)","(818, 368)",kick,100.0
Drill 1,50,100.0,58.82,67.78,"(730, 109)","(761, 349)",kick,100.0
Drill 1,51,100.0,64.71,71.06,"(719, 167)","(475, 235)",kick,100.0
Drill 1,52,100.0,52.94,67.8,"(409, 64)","(217, 148)",kick,100.0
Drill 1,53,100.0,64.71,69.65,"(387, 301)","(217, 153)",kick,100.0
Drill 1,54,100.0,70.59,71.74,"(381, 301)","(777, 148)",dribble,99.83
Drill 1,55,100.0,76.47,73.18,"(795, 79)","(788, 212)",kick,100.0
Drill 1,56,94.12,58.82,70.61,"(489, 131)","(773, 45)",kick,100.0
Drill 1,57,94.12,58.82,73.85,"(403, 63)","(476, 230)",kick,100.0
Drill 1,58,100.0,64.71,76.11,"(785, 80)","(751, 99)",kick,100.0
Drill 1,59,100.0,70.59,78.16,"(391, 338)","(292, 201)",kick,100.0
Drill 1,60,100.0,52.94,76.2,"(413, 295)","(253, 273)",kick,100.0
Drill 1,61,100.0,41.18,75.26,"(710, 106)","(742, 88)",kick,100.0
Drill 1,62,100.0,29.41,73.25,"(382, 334)","(748, 332)",kick,100.0
Drill 1,63,100.0,23.53,70.84,"(399, 308)","(767, 112)",dribble,99.98
Drill 1,64,88.24,29.41,70.7,"(646, 405)","(243, 297)",kick,100.0
Drill 1,65,100.0,17.65,65.91,"(791, 85)","(749, 353)",kick,100.0
Drill 1,66,100.0,0.0,0.0,"(380, 29)","(217, 287)",kick,100.0
Drill 1,67,88.24,0.0,0.0,"(386, 313)","(766, 377)",kick,100.0
Drill 1,68,94.12,17.65,72.79,"(393, 309)","(241, 297)",kick,100.0
Drill 1,69,94.12,5.88,75.71,"(388, 245)","(243, 299)",kick,100.0
Drill 1,70,88.24,35.29,69.4,"(400, 310)","(730, 339)",kick,100.0
Drill 1,71,94.12,52.94,70.78,"(377, 248)","(721, 355)",kick,100.0
Drill 1,72,88.24,64.71,72.82,"(193, 395)","(245, 311)",kick,100.0
Drill 1,73,94.12,52.94,67.94,"(206, 405)","(235, 301)",kick,100.0
Drill 1,74,88.24,58.82,66.64,"(377, 166)","(247, 319)",kick,100.0
Drill 1,75,88.24,35.29,59.66,"(337, 58)","(745, 213)",kick,100.0
Drill 1,76,82.35,29.41,64.93,"(323, 316)","(770, 172)",kick,100.0
Drill 1,77,100.0,64.71,67.9,"(325, 321)","(215, 292)",kick,100.0
Drill 1,78,94.12,11.76,66.46,"(344, 256)","(253, 301)",kick,100.0
Drill 1,79,88.24,47.06,67.38,"(344, 344)","(337, 263)",kick,100.0
Drill 1,80,94.12,82.35,73.37,"(335, 251)","(691, 141)",kick,100.0
Drill 1,81,100.0,11.76,59.75,"(325, 349)","(686, 152)",kick,100.0
Drill 1,82,100.0,0.0,0.0,"(334, 347)","(788, 304)",kick,100.0
Drill 1,83,88.24,0.0,0.0,"(337, 345)","(741, 155)",kick,100.0
Drill 1,84,100.0,17.65,55.52,"(346, 350)","(758, 322)",kick,100.0
Drill 1,85,100.0,35.29,56.46,"(340, 41)","(673, 113)",kick,100.0
Drill 1,86,100.0,47.06,58.57,"(367, 346)","(449, 269)",kick,100.0
Drill 1,87,100.0,47.06,57.73,"(343, 146)","(765, 266)",kick,100.0
Drill 1,88,100.0,76.47,64.21,"(359, 29)","(334, 247)",kick,100.0
Drill 1,89,94.12,64.71,61.2,"(363, 27)","(758, 244)",kick,100.0
Drill 1,90,100.0,70.59,63.45,"(825, 73)","(351, 247)",kick,100.0
Drill 1,91,88.24,82.35,69.24,"(387, 351)","(778, 128)",kick,100.0
Drill 1,92,94.12,35.29,58.93,"(731, 85)","(344, 242)",kick,100.0
Drill 1,93,100.0,35.29,60.41,"(394, 353)","(341, 235)",kick,100.0
Drill 1,94,94.12,35.29,62.13,"(368, 344)","(338, 227)",kick,100.0
Drill 1,95,100.0,41.18,64.87,"(397, 356)","(757, 344)",kick,100.0
Drill 1,96,100.0,47.06,65.84,"(399, 358)","(781, 218)",kick,100.0
Drill 1,97,100.0,47.06,65.96,"(466, 129)","(759, 202)",kick,100.0
Drill 1,98,100.0,52.94,66.98,"(407, 34)","(754, 220)",kick,100.0
Drill 1,99,94.12,41.18,63.99,"(729, 97)","(793, 99)",kick,100.0
Drill 1,100,100.0,58.82,68.16,"(508, 115)","(788, 103)",kick,98.19
Drill 1,101,100.0,47.06,65.79,"(491, 113)","(238, 59)",kick,100.0
Drill 1,102,88.24,82.35,74.4,"(725, 91)","(730, 53)",kick,100.0
Drill 1,103,100.0,41.18,63.88,"(433, 123)","(692, 292)",kick,100.0
Drill 1,104,100.0,52.94,68.39,"(520, 113)","(802, 206)",dribble,100.0
Drill 1,105,100.0,82.35,76.81,"(431, 34)","(211, 35)",kick,100.0
Drill 1,106,100.0,58.82,71.71,"(467, 370)","(769, 99)",kick,100.0
Drill 1,107,94.12,58.82,75.79,"(436, 45)","(793, 185)",kick,100.0
Drill 1,108,100.0,64.71,73.84,"(441, 61)","(272, 202)",kick,100.0
Drill 1,109,100.0,58.82,71.74,"(785, 85)","(760, 410)",kick,100.0
Drill 1,110,94.12,58.82,71.74,"(455, 47)","(352, 190)",kick,100.0
Drill 1,111,94.12,70.59,75.44,"(463, 46)","(731, 105)",kick,100.0
Drill 1,112,94.12,70.59,74.05,"(689, 85)","(290, 201)",kick,100.0
Drill 1,113,88.24,76.47,74.66,"(479, 237)","(346, 177)",kick,100.0
Drill 1,114,100.0,94.12,75.29,"(490, 57)","(283, 211)",kick,100.0
Drill 1,115,100.0,76.47,75.38,"(497, 64)","(361, 197)",kick,100.0
Drill 1,116,94.12,76.47,75.74,"(767, 68)","(514, 184)",kick,100.0
Drill 1,117,100.0,76.47,75.82,"(505, 380)","(283, 215)",kick,100.0
Drill 1,118,94.12,76.47,74.31,"(509, 296)","(362, 191)",kick,100.0
Drill 1,119,100.0,58.82,71.59,"(524, 285)","(286, 212)",dribble,99.09
Drill 1,120,100.0,58.82,69.53,"(511, 380)","(359, 203)",kick,100.0
Drill 1,121,88.24,64.71,70.77,"(507, 382)","(521, 185)",kick,100.0
Drill 1,122,100.0,52.94,68.79,"(496, 383)","(509, 190)",kick,100.0
Drill 1,123,100.0,52.94,68.92,"(484, 387)","(513, 187)",kick,100.0
Drill 1,124,100.0,64.71,72.24,"(586, 91)","(515, 194)",kick,100.0
Drill 1,125,94.12,64.71,69.06,"(469, 26)","(309, 229)",kick,100.0
Drill 1,126,100.0,52.94,61.36,"(460, 389)","(373, 229)",kick,100.0
Drill 1,127,100.0,58.82,64.38,"(461, 27)","(305, 248)",kick,100.0
Drill 1,128,100.0,64.71,58.1,"(460, 26)","(305, 259)",kick,100.0
Drill 1,129,100.0,64.71,61.88,"(459, 25)","(418, 272)",kick,100.0
Drill 1,130,100.0,94.12,66.58,"(458, 26)","(575, 265)",kick,100.0
Drill 1,131,100.0,64.71,55.05,"(745, 79)","(692, 86)",kick,100.0
Drill 1,132,100.0,76.47,59.14,"(578, 97)","(770, 169)",kick,100.0
Drill 1,133,100.0,76.47,61.05,"(745, 79)","(405, 280)",kick,100.0
Drill 1,134,100.0,76.47,61.08,"(579, 97)","(418, 281)",kick,100.0
Drill 1,135,94.12,58.82,54.3,"(747, 79)","(350, 292)",kick,100.0
Drill 1,136,100.0,47.06,50.44,"(403, 394)","(415, 291)",kick,100.0
Drill 1,137,100.0,29.41,49.33,"(397, 395)","(555, 231)",kick,100.0
Drill 1,138,100.0,11.76,43.53,"(555, 131)","(772, 135)",kick,100.0
Drill 1,139,100.0,41.18,52.36,"(385, 395)","(484, 274)",kick,100.0
Drill 1,140,100.0,64.71,57.81,None,"(567, 227)",kick,100.0
Drill 1,141,100.0,64.71,58.13,"(401, 370)","(571, 217)",kick,100.0
Drill 1,142,100.0,64.71,57.38,"(409, 375)","(573, 205)",kick,100.0
Drill 1,143,94.12,70.59,62.13,"(363, 389)","(575, 193)",kick,100.0
Drill 1,144,100.0,47.06,61.06,"(411, 277)","(587, 353)",dribble,100.0
Drill 1,145,100.0,58.82,68.37,"(394, 281)","(579, 177)",kick,100.0
Drill 1,146,100.0,58.82,68.59,"(421, 355)","(410, 231)",kick,100.0
Drill 1,147,94.12,47.06,62.88,"(607, 83)","(563, 217)",kick,100.0
Drill 1,148,100.0,58.82,68.26,"(791, 63)","(585, 161)",kick,100.0
Drill 1,149,100.0,76.47,70.14,"(610, 79)","(431, 226)",kick,100.0
Drill 1,150,94.12,76.47,70.79,"(343, 373)","(587, 155)",kick,100.0
Drill 1,151,100.0,64.71,68.16,"(398, 116)","(589, 157)",kick,100.0
Drill 1,152,94.12,52.94,65.85,"(343, 261)","(586, 158)",kick,100.0
Drill 1,153,82.35,23.53,62.13,"(185, 422)","(587, 154)",kick,100.0
Drill 1,154,100.0,58.82,68.45,"(337, 362)","(587, 149)",kick,100.0
Drill 1,155,88.24,35.29,69.78,"(333, 362)","(765, 304)",kick,100.0
Drill 1,156,100.0,47.06,63.84,"(331, 361)","(411, 211)",kick,100.0
Drill 1,157,100.0,64.71,68.63,"(332, 249)","(566, 193)",dribble,100.0
Drill 1,158,94.12,58.82,67.98,"(363, 118)","(592, 142)",kick,100.0
Drill 1,159,100.0,58.82,67.01,"(335, 351)","(593, 145)",kick,100.0
Drill 1,160,100.0,64.71,65.29,"(325, 297)","(595, 147)",kick,100.0
Drill 1,161,100.0,70.59,65.65,"(369, 347)","(217, 65)",kick,100.0
Drill 1,162,100.0,70.59,65.39,"(374, 349)","(541, 275)",kick,100.0
Drill 1,163,100.0,64.71,62.38,"(239, 371)","(799, 407)",kick,100.0
Drill 1,164,100.0,52.94,58.26,"(406, 347)","(592, 161)",kick,100.0
Drill 1,165,100.0,58.82,58.82,"(416, 340)","(589, 165)",kick,100.0
Drill 1,166,100.0,52.94,56.27,"(832, 49)","(590, 170)",kick,100.0
Drill 1,167,100.0,58.82,57.98,"(658, 61)","(220, 130)",kick,100.0
Drill 1,168,94.12,52.94,56.63,"(394, 309)","(586, 178)",kick,100.0
Drill 1,169,94.12,58.82,62.05,"(665, 55)","(584, 179)",kick,100.0
Drill 1,170,94.12,82.35,66.33,"(659, 49)","(239, 142)",kick,100.0
Drill 1,171,94.12,88.24,66.12,"(399, 304)","(579, 183)",kick,100.0
Drill 1,172,94.12,88.24,68.22,"(326, 32)","(239, 161)",kick,100.0
Drill 1,173,94.12,58.82,60.93,"(469, 339)","(266, 161)",kick,100.0
Drill 1,174,94.12,70.59,63.04,"(472, 340)","(572, 188)",kick,100.0
Drill 1,175,100.0,64.71,60.38,"(478, 343)","(235, 208)",kick,100.0
Drill 1,176,94.12,47.06,51.4,"(478, 349)","(545, 248)",kick,100.0
Drill 1,177,88.24,29.41,46.78,"(488, 345)","(232, 225)",kick,100.0
Drill 1,178,88.24,17.65,57.35,"(485, 349)","(263, 139)",kick,100.0
Drill 1,179,88.24,52.94,56.74,"(425, 226)","(187, 76)",kick,100.0
Drill 1,180,88.24,47.06,58.02,"(521, 87)","(229, 247)",kick,100.0
Drill 1,181,70.59,58.82,72.45,"(656, 43)","(699, 99)",kick,100.0
Drill 1,182,76.47,70.59,75.23,"(520, 83)","(555, 197)",dribble,100.0
Drill 1,183,100.0,64.71,64.2,"(513, 344)","(685, 113)",kick,100.0
Drill 1,184,100.0,76.47,68.17,"(449, 227)","(373, 219)",kick,100.0
Drill 1,185,100.0,76.47,70.47,"(649, 55)","(465, 195)",kick,100.0
Drill 1,186,100.0,76.47,70.71,"(467, 249)","(223, 275)",kick,100.0
Drill 1,187,94.12,70.59,75.9,"(644, 43)","(181, 125)",kick,100.0
Drill 1,188,100.0,70.59,74.28,"(419, 217)","(226, 273)",kick,100.0
Drill 1,189,100.0,70.59,71.03,"(637, 55)","(227, 275)",kick,100.0
Drill 1,190,100.0,82.35,76.75,"(530, 359)","(543, 200)",kick,100.0
Drill 1,191,94.12,76.47,75.0,"(616, 45)","(620, 125)",kick,100.0
Drill 1,192,94.12,52.94,72.73,"(631, 55)","(181, 140)",kick,100.0
Drill 1,193,94.12,52.94,70.12,"(537, 364)","(175, 142)",kick,100.0
Drill 1,194,94.12,70.59,73.24,"(542, 364)","(578, 135)",kick,100.0
Drill 1,195,100.0,76.47,74.21,"(538, 365)","(656, 183)",kick,100.0
Drill 1,196,94.12,70.59,73.17,"(537, 371)","(543, 190)",kick,100.0
Drill 1,197,100.0,82.35,72.82,"(544, 368)","(311, 151)",kick,100.0
Drill 1,198,100.0,76.47,72.06,"(547, 369)","(308, 157)",kick,100.0
Drill 1,199,88.24,70.59,70.4,"(553, 33)","(477, 163)",kick,100.0
Drill 1,200,100.0,70.59,71.03,"(541, 373)","(561, 148)",kick,100.0
Drill 1,201,100.0,41.18,61.26,"(535, 371)","(285, 179)",kick,100.0
Drill 1,202,100.0,64.71,65.3,"(520, 379)","(542, 224)",kick,100.0
Drill 1,203,100.0,64.71,66.03,"(515, 377)","(274, 187)",kick,100.0
Drill 1,204,100.0,47.06,60.01,"(499, 386)","(545, 233)",kick,100.0
Drill 1,205,100.0,58.82,64.52,"(495, 386)","(550, 237)",kick,100.0
Drill 1,206,100.0,64.71,64.29,"(488, 389)","(550, 233)",kick,100.0
Drill 1,207,100.0,64.71,63.41,"(482, 391)","(752, 117)",kick,100.0
Drill 1,208,100.0,64.71,65.69,"(479, 393)","(553, 233)",kick,100.0
Drill 1,209,100.0,35.29,64.2,"(469, 399)","(755, 392)",kick,100.0
Drill 1,210,100.0,64.71,70.65,"(779, 61)","(812, 206)",kick,100.0
Drill 1,211,100.0,58.82,69.29,"(464, 405)","(769, 211)",kick,100.0
Drill 1,212,100.0,52.94,71.75,"(593, 89)","(361, 160)",kick,100.0
Drill 1,213,100.0,70.59,74.16,"(595, 97)","(181, 220)",kick,100.0
Drill 1,214,100.0,52.94,70.86,"(441, 413)","(562, 225)",kick,100.0
Drill 1,215,100.0,58.82,72.69,"(430, 417)","(565, 233)",kick,100.0
Drill 1,216,94.12,47.06,70.2,"(428, 415)","(347, 165)",kick,100.0
Drill 1,217,100.0,64.71,73.76,"(416, 424)","(773, 75)",kick,100.0
Drill 1,218,100.0,82.35,74.83,"(403, 427)","(575, 257)",kick,100.0
Drill 1,219,100.0,94.12,72.42,"(403, 431)","(325, 173)",kick,100.0
Drill 1,220,100.0,82.35,72.62,"(579, 106)","(573, 267)",kick,100.0
Drill 1,221,94.12,82.35,73.25,"(385, 434)","(578, 268)",kick,100.0
Drill 1,222,100.0,82.35,74.03,"(383, 433)","(573, 272)",kick,100.0
Drill 1,223,100.0,70.59,76.56,"(494, 179)","(572, 269)",kick,100.0
Drill 1,224,100.0,70.59,77.49,"(379, 443)","(574, 273)",kick,100.0
Drill 1,225,100.0,82.35,77.07,"(515, 113)","(572, 271)",kick,100.0
Drill 1,226,100.0,94.12,74.18,"(503, 125)","(573, 275)",kick,100.0
Drill 1,227,100.0,82.35,78.8,"(353, 446)","(571, 279)",kick,100.0
Drill 1,228,100.0,94.12,71.95,"(361, 449)","(339, 160)",kick,100.0
Drill 1,229,100.0,88.24,76.72,"(351, 453)","(349, 167)",kick,100.0
Drill 1,230,100.0,88.24,77.73,"(352, 454)","(571, 280)",kick,100.0
Drill 1,231,100.0,88.24,76.97,"(353, 454)","(238, 199)",kick,100.0
Drill 1,232,100.0,94.12,74.55,"(349, 452)","(339, 163)",kick,100.0
Drill 1,233,100.0,88.24,76.27,"(349, 451)","(253, 202)",kick,100.0
Drill 1,234,100.0,70.59,78.28,"(329, 377)","(266, 206)",kick,100.0
Drill 1,235,100.0,82.35,75.26,"(323, 370)","(572, 263)",dribble,100.0
Drill 1,236,100.0,82.35,76.34,"(224, 99)","(295, 213)",kick,100.0
Drill 1,237,100.0,64.71,70.8,"(205, 81)","(794, 323)",kick,100.0
Drill 1,238,100.0,76.47,72.24,"(190, 68)","(548, 315)",kick,100.0
Drill 1,239,100.0,52.94,65.76,"(771, 85)","(751, 159)",kick,100.0
Drill 1,240,100.0,35.29,63.64,"(181, 44)","(285, 255)",kick,100.0
Drill 1,241,100.0,82.35,67.28,"(130, 307)","(550, 299)",kick,100.0
Drill 1,242,94.12,70.59,62.48,"(304, 381)","(775, 167)",kick,100.0
Drill 1,243,100.0,76.47,62.4,"(307, 392)","(254, 289)",kick,100.0
Drill 1,244,94.12,76.47,57.96,"(339, 382)","(541, 303)",kick,100.0
Drill 1,245,100.0,64.71,54.35,"(329, 404)","(536, 302)",kick,99.97
Drill 1,246,94.12,52.94,46.12,"(200, 265)","(536, 305)",kick,100.0
Drill 1,247,94.12,52.94,46.24,"(322, 380)","(279, 316)",kick,100.0
Drill 1,248,94.12,47.06,45.25,"(202, 399)","(591, 370)",kick,99.91
Drill 1,249,88.24,41.18,35.09,"(164, 407)","(532, 313)",kick,100.0
Drill 1,250,88.24,41.18,29.08,"(308, 401)","(311, 322)",kick,100.0
Drill 1,251,76.47,23.53,23.61,"(355, 463)","(308, 321)",kick,100.0
Drill 1,252,58.82,11.76,28.45,"(352, 453)","(311, 305)",kick,100.0
Drill 1,253,82.35,29.41,24.02,"(273, 446)","(794, 232)",kick,100.0
Drill 1,254,64.71,11.76,22.61,"(355, 425)","(295, 309)",kick,100.0
Drill 1,255,47.06,29.41,58.95,"(345, 409)","(773, 227)",kick,100.0
Drill 1,256,47.06,41.18,59.87,"(335, 404)","(277, 298)",run,100.0
Drill 1,257,35.29,58.82,67.7,"(317, 421)","(268, 292)",kick,100.0
Drill 1,258,35.29,47.06,66.62,"(44, 377)","(541, 301)",kick,100.0
Drill 1,259,17.65,58.82,65.3,"(230, 448)","(541, 281)",run,100.0
Drill 1,260,0.0,64.71,0.0,None,"(539, 273)",run,100.0
Drill 1,261,0.0,76.47,0.0,None,"(332, 284)",run,100.0
Drill 1,262,0.0,88.24,0.0,None,"(545, 257)",run,100.0
Drill 1,263,0.0,64.71,0.0,None,"(545, 254)",run,100.0
Drill 1,264,0.0,47.06,0.0,None,"(356, 273)",kick,100.0
Drill 1,265,0.0,76.47,0.0,None,"(550, 244)",run,100.0
Drill 1,266,94.12,47.06,72.62,None,"(724, 214)",run,100.0
Drill 1,267,0.0,47.06,0.0,None,"(370, 292)",run,100.0
Drill 1,268,0.0,64.71,0.0,None,"(553, 328)",run,100.0
Drill 1,269,82.35,52.94,70.53,"(405, 351)","(557, 319)",kick,100.0
Drill 1,270,29.41,52.94,66.82,None,"(561, 232)",run,100.0
Drill 1,271,35.29,58.82,56.19,None,"(563, 226)",kick,100.0
Drill 1,272,23.53,23.53,76.49,None,"(551, 250)",kick,100.0
Drill 1,273,52.94,41.18,72.41,None,"(705, 235)",kick,100.0
Drill 1,274,0.0,58.82,0.0,None,"(235, 85)",kick,100.0
Drill 1,275,0.0,64.71,0.0,None,"(578, 215)",kick,100.0
Drill 1,276,52.94,70.59,71.17,None,"(589, 203)",kick,100.0
Drill 1,277,35.29,58.82,69.56,None,"(593, 187)",kick,100.0
Drill 2,1,100.0,47.06,61.56,"(326, 799)","(763, 385)",kick,100.0
Drill 2,2,100.0,52.94,62.32,"(419, 783)","(766, 311)",kick,100.0
Drill 2,3,100.0,23.53,58.99,"(417, 783)","(799, 284)",kick,100.0
Drill 2,4,100.0,5.88,63.38,"(352, 766)","(782, 184)",kick,100.0
Drill 2,5,100.0,11.76,63.65,"(427, 795)","(788, 356)",kick,100.0
Drill 2,6,100.0,17.65,59.57,"(321, 790)","(763, 313)",kick,100.0
Drill 2,7,100.0,23.53,61.58,"(321, 790)","(777, 419)",kick,100.0
Drill 2,8,100.0,23.53,64.76,"(321, 790)","(777, 419)",kick,100.0
Drill 2,9,100.0,11.76,65.85,"(321, 790)","(784, 189)",kick,100.0
Drill 2,10,100.0,0.0,0.0,"(321, 790)","(784, 344)",kick,100.0
Drill 2,11,100.0,0.0,0.0,"(321, 791)","(781, 195)",kick,100.0
Drill 2,12,100.0,0.0,0.0,"(407, 800)","(783, 196)",kick,100.0
Drill 2,13,94.12,0.0,0.0,"(321, 790)","(782, 196)",kick,100.0
Drill 2,14,88.24,0.0,0.0,"(345, 793)","(739, 199)",kick,100.0
Drill 2,15,100.0,0.0,0.0,"(321, 789)","(739, 196)",kick,100.0
Drill 2,16,94.12,29.41,67.35,"(353, 805)","(737, 196)",kick,100.0
Drill 2,17,100.0,41.18,65.79,"(385, 788)","(773, 184)",kick,100.0
Drill 2,18,100.0,41.18,64.72,"(320, 785)","(735, 175)",kick,100.0
Drill 2,19,94.12,5.88,66.16,"(385, 787)","(783, 281)",kick,100.0
Drill 2,20,82.35,5.88,69.09,"(418, 782)","(320, 267)",kick,100.0
Drill 2,21,88.24,58.82,69.81,"(332, 793)","(776, 287)",kick,100.0
Drill 2,22,88.24,64.71,69.02,"(386, 787)","(766, 411)",kick,100.0
Drill 2,23,94.12,58.82,68.1,"(383, 784)","(770, 191)",kick,100.0
Drill 2,24,88.24,58.82,67.18,"(154, 790)","(769, 189)",kick,100.0
Drill 2,25,94.12,64.71,66.74,"(419, 782)","(796, 397)",kick,100.0
Drill 2,26,94.12,52.94,66.97,"(385, 781)","(763, 197)",kick,100.0
Drill 2,27,100.0,58.82,66.37,"(267, 779)","(765, 286)",kick,100.0
Drill 2,28,100.0,23.53,64.68,"(243, 787)","(773, 283)",kick,100.0
Drill 2,29,94.12,35.29,64.43,"(338, 778)","(763, 370)",kick,100.0
Drill 2,30,100.0,47.06,63.02,"(344, 783)","(764, 290)",kick,100.0
Drill 2,31,88.24,23.53,65.02,"(380, 775)","(751, 412)",kick,100.0
Drill 2,32,88.24,29.41,60.44,"(391, 779)","(747, 373)",kick,100.0
Drill 2,33,88.24,5.88,63.41,"(381, 767)","(770, 274)",kick,100.0
Drill 2,34,94.12,11.76,65.76,"(368, 247)","(757, 339)",kick,100.0
Drill 2,35,94.12,5.88,64.26,"(135, 772)","(334, 262)",kick,100.0
Drill 2,36,100.0,17.65,61.61,"(256, 781)","(751, 409)",kick,100.0
Drill 2,37,100.0,17.65,63.98,"(249, 788)","(807, 416)",kick,100.0
Drill 2,38,94.12,17.65,59.96,"(253, 749)","(327, 260)",kick,100.0
Drill 2,39,88.24,35.29,61.38,"(273, 133)","(727, 337)",kick,100.0
Drill 2,40,100.0,35.29,61.07,"(329, 769)","(328, 259)",kick,100.0
Drill 2,41,100.0,35.29,60.72,"(356, 776)","(329, 257)",kick,100.0
Drill 2,42,94.12,41.18,61.08,"(230, 531)","(767, 95)",kick,100.0
Drill 2,43,100.0,23.53,61.04,"(335, 760)","(791, 412)",kick,100.0
Drill 2,44,100.0,29.41,62.98,"(392, 271)","(803, 316)",kick,100.0
Drill 2,45,100.0,47.06,62.26,"(362, 740)","(343, 257)",kick,100.0
Drill 2,46,100.0,41.18,62.21,"(397, 265)","(791, 407)",kick,100.0
Drill 2,47,100.0,58.82,64.5,"(221, 559)","(335, 256)",kick,100.0
Drill 2,48,100.0,52.94,62.96,"(391, 749)","(334, 256)",kick,100.0
Drill 2,49,100.0,17.65,61.26,"(224, 563)","(464, 311)",kick,100.0
Drill 2,50,100.0,76.47,69.42,"(410, 253)","(329, 254)",kick,100.0
Drill 2,51,94.12,70.59,69.77,"(218, 572)","(326, 254)",kick,100.0
Drill 2,52,100.0,52.94,65.74,"(244, 137)","(325, 254)",kick,100.0
Drill 2,53,88.24,52.94,66.68,"(239, 134)","(329, 250)",kick,100.0
Drill 2,54,88.24,52.94,66.38,"(214, 583)","(320, 248)",kick,100.0
Drill 2,55,100.0,47.06,64.89,"(208, 158)","(704, 392)",kick,100.0
Drill 2,56,100.0,41.18,65.34,"(207, 129)","(785, 326)",kick,100.0
Drill 2,57,100.0,58.82,66.69,"(295, 563)","(346, 244)",kick,100.0
Drill 2,58,100.0,41.18,66.39,"(223, 584)","(791, 247)",kick,100.0
Drill 2,59,100.0,82.35,70.97,"(238, 568)","(352, 241)",kick,100.0
Drill 2,60,100.0,88.24,72.87,"(245, 565)","(352, 239)",kick,100.0
Drill 2,61,100.0,82.35,72.82,"(280, 629)","(350, 237)",kick,100.0
Drill 2,62,100.0,64.71,72.04,"(297, 641)","(345, 233)",kick,100.0
Drill 2,63,88.24,47.06,73.27,"(313, 644)","(343, 230)",kick,100.0
Drill 2,64,88.24,58.82,78.16,"(320, 634)","(340, 226)",kick,100.0
Drill 2,65,94.12,47.06,76.34,"(169, 560)","(340, 225)",kick,100.0
Drill 2,66,88.24,35.29,77.32,"(167, 553)","(338, 221)",kick,100.0
Drill 2,67,100.0,76.47,81.77,"(293, 605)","(338, 221)",kick,100.0
Drill 2,68,100.0,70.59,81.3,"(227, 538)","(338, 227)",kick,100.0
Drill 2,69,100.0,58.82,79.93,"(188, 533)","(335, 218)",kick,100.0
Drill 2,70,100.0,70.59,83.0,"(178, 195)","(328, 211)",kick,100.0
Drill 2,71,100.0,76.47,82.51,"(182, 197)","(556, 229)",kick,100.0
Drill 2,72,100.0,47.06,82.07,"(227, 245)","(561, 226)",kick,100.0
Drill 2,73,88.24,76.47,82.94,"(205, 575)","(361, 205)",kick,100.0
Drill 2,74,100.0,76.47,83.72,"(203, 575)","(364, 203)",kick,100.0
Drill 2,75,94.12,64.71,83.28,"(183, 212)","(369, 202)",kick,100.0
Drill 2,76,82.35,70.59,82.68,"(202, 532)","(373, 200)",kick,100.0
Drill 2,77,70.59,64.71,83.98,"(188, 262)","(362, 197)",kick,100.0
Drill 2,78,82.35,64.71,84.29,"(147, 527)","(575, 214)",kick,100.0
Drill 2,79,82.35,76.47,81.8,"(169, 531)","(357, 202)",kick,100.0
Drill 2,80,76.47,64.71,82.42,"(143, 541)","(581, 224)",kick,100.0
Drill 2,81,82.35,58.82,85.48,"(197, 445)","(580, 227)",kick,100.0
Drill 2,82,76.47,70.59,82.82,"(155, 523)","(361, 167)",kick,100.0
Drill 2,83,82.35,47.06,81.31,"(191, 293)","(595, 263)",kick,100.0
Drill 2,84,76.47,58.82,86.68,"(175, 290)","(368, 158)",kick,100.0
Drill 2,85,76.47,64.71,85.04,"(179, 469)","(587, 237)",kick,100.0
Drill 2,86,82.35,76.47,83.68,"(181, 283)","(596, 241)",kick,100.0
Drill 2,87,82.35,88.24,84.19,"(184, 459)","(593, 244)",kick,100.0
Drill 2,88,76.47,82.35,84.94,"(173, 457)","(583, 201)",kick,100.0
Drill 2,89,70.59,76.47,84.74,"(188, 481)","(741, 463)",kick,100.0
Drill 2,90,82.35,88.24,84.34,"(290, 301)","(599, 250)",kick,100.0
Drill 2,91,76.47,82.35,84.4,"(195, 449)","(593, 203)",kick,100.0
Drill 2,92,88.24,64.71,87.41,"(173, 442)","(389, 176)",kick,100.0
Drill 2,93,88.24,47.06,81.96,"(194, 445)","(394, 187)",kick,100.0
Drill 2,94,64.71,70.59,84.01,"(256, 790)","(609, 259)",kick,100.0
Drill 2,95,100.0,70.59,83.45,"(279, 781)","(613, 256)",kick,100.0
Drill 2,96,94.12,64.71,82.3,"(182, 235)","(403, 194)",kick,100.0
Drill 2,97,82.35,58.82,81.82,"(379, 785)","(715, 260)",kick,100.0
Drill 2,98,82.35,82.35,82.21,"(280, 783)","(398, 191)",kick,100.0
Drill 2,99,76.47,76.47,81.55,"(405, 295)","(385, 197)",kick,100.0
Drill 2,100,94.12,70.59,81.65,"(151, 427)","(382, 211)",kick,100.0
Drill 2,101,88.24,88.24,80.05,"(151, 423)","(376, 233)",kick,100.0
Drill 2,102,94.12,58.82,77.0,"(157, 431)","(380, 245)",kick,100.0
Drill 2,103,82.35,82.35,81.5,"(148, 419)","(661, 423)",kick,100.0
Drill 2,104,70.59,82.35,82.2,"(271, 778)","(652, 422)",kick,100.0
Drill 2,105,76.47,70.59,81.44,"(158, 416)","(590, 293)",kick,100.0
Drill 2,106,76.47,82.35,78.65,"(220, 358)","(445, 212)",kick,100.0
Drill 2,107,70.59,82.35,78.65,"(203, 277)","(641, 415)",kick,100.0
Drill 2,108,64.71,82.35,77.4,"(275, 778)","(628, 416)",kick,100.0
Drill 2,109,70.59,76.47,75.36,"(211, 277)","(419, 259)",kick,100.0
Drill 2,110,76.47,70.59,75.69,"(217, 280)","(441, 230)",kick,100.0
Drill 2,111,70.59,70.59,77.42,"(200, 419)","(797, 112)",kick,100.0
Drill 2,112,70.59,52.94,75.81,"(269, 777)","(727, 277)",kick,100.0
Drill 2,113,76.47,41.18,78.48,"(400, 313)","(539, 223)",kick,100.0
Drill 2,114,70.59,17.65,79.61,"(263, 788)","(367, 245)",kick,100.0
Drill 2,115,82.35,17.65,76.11,"(232, 363)","(595, 307)",kick,100.0
Drill 2,116,76.47,35.29,81.93,"(273, 770)","(633, 403)",kick,100.0
Drill 2,117,70.59,35.29,75.29,"(220, 361)","(553, 290)",kick,100.0
Drill 2,118,70.59,29.41,77.32,"(223, 369)","(358, 253)",kick,100.0
Drill 2,119,58.82,58.82,80.37,"(215, 368)","(349, 250)",kick,100.0
Drill 2,120,70.59,76.47,83.49,"(169, 409)","(281, 275)",kick,100.0
Drill 2,121,70.59,70.59,83.36,"(215, 332)","(370, 257)",kick,100.0
Drill 2,122,76.47,64.71,81.25,"(259, 772)","(375, 256)",kick,100.0
Drill 2,123,76.47,47.06,80.93,"(124, 777)","(379, 259)",kick,100.0
Drill 2,124,94.12,64.71,81.71,"(245, 773)","(650, 409)",kick,100.0
Drill 2,125,88.24,52.94,81.26,"(273, 772)","(338, 242)",kick,100.0
Drill 2,126,100.0,64.71,81.52,"(416, 784)","(332, 238)",kick,100.0
Drill 2,127,94.12,47.06,81.93,"(332, 787)","(327, 239)",kick,100.0
Drill 2,128,88.24,35.29,79.88,"(215, 365)","(323, 236)",kick,100.0
Drill 2,129,76.47,23.53,80.73,"(278, 781)","(748, 122)",kick,100.0
Drill 2,130,76.47,29.41,84.16,"(183, 362)","(489, 250)",kick,100.0
Drill 2,131,64.71,58.82,82.51,"(370, 319)","(752, 100)",kick,100.0
Drill 2,132,88.24,47.06,81.58,"(197, 425)","(661, 418)",kick,100.0
Drill 2,133,88.24,52.94,81.09,"(217, 373)","(782, 52)",kick,100.0
Drill 2,134,94.12,58.82,81.64,"(130, 799)","(748, 302)",kick,100.0
Drill 2,135,94.12,41.18,83.1,"(197, 791)","(733, 134)",kick,100.0
Drill 2,136,88.24,35.29,83.27,"(89, 742)","(751, 298)",kick,100.0
Drill 2,137,88.24,47.06,79.83,"(181, 825)","(781, 47)",kick,100.0
Drill 2,138,70.59,23.53,81.28,"(148, 796)","(758, 134)",kick,100.0
Drill 2,139,70.59,58.82,84.18,"(400, 748)","(457, 281)",kick,100.0
Drill 2,140,70.59,47.06,81.03,"(151, 802)","(764, 302)",kick,100.0
Drill 2,141,82.35,47.06,81.46,"(135, 773)","(327, 226)",kick,100.0
Drill 2,142,88.24,41.18,81.33,"(164, 788)","(785, 58)",kick,100.0
Drill 2,143,94.12,52.94,82.89,"(165, 777)","(771, 112)",kick,100.0
Drill 2,144,94.12,23.53,82.52,"(265, 765)","(335, 243)",kick,100.0
Drill 2,145,94.12,5.88,86.03,"(145, 764)","(770, 302)",kick,100.0
Drill 2,146,94.12,5.88,84.5,"(183, 764)","(731, 254)",kick,100.0
Drill 2,147,88.24,5.88,87.91,"(177, 785)","(274, 227)",kick,100.0
Drill 2,148,88.24,29.41,83.02,"(265, 277)","(433, 267)",kick,100.0
Drill 2,149,100.0,23.53,82.84,"(329, 753)","(337, 239)",kick,100.0
Drill 2,150,94.12,0.0,0.0,"(175, 746)","(347, 229)",kick,100.0
Drill 2,151,100.0,29.41,83.46,"(338, 763)","(806, 73)",kick,100.0
Drill 2,152,100.0,64.71,85.4,"(323, 763)","(777, 109)",kick,100.0
Drill 2,153,100.0,35.29,85.09,"(314, 760)","(775, 134)",kick,100.0
Drill 2,154,94.12,29.41,82.72,"(190, 538)","(789, 106)",kick,100.0
Drill 2,155,94.12,0.0,0.0,"(190, 734)","(789, 107)",kick,100.0
Drill 2,156,100.0,5.88,79.88,"(223, 429)","(771, 410)",kick,100.0
Drill 2,157,100.0,0.0,0.0,"(262, 747)","(783, 115)",kick,100.0
Drill 2,158,94.12,5.88,79.83,"(339, 331)","(688, 427)",kick,100.0
Drill 2,159,100.0,47.06,78.47,"(361, 307)","(693, 423)",kick,100.0
Drill 2,160,100.0,17.65,75.91,"(359, 308)","(346, 256)",kick,100.0
Drill 2,161,100.0,11.76,76.47,"(365, 323)","(283, 151)",kick,100.0
Drill 2,162,100.0,0.0,0.0,"(370, 329)","(772, 313)",kick,100.0
Drill 2,163,100.0,0.0,0.0,"(284, 315)","(791, 111)",kick,100.0
Drill 2,164,100.0,5.88,81.02,"(285, 350)","(778, 317)",kick,100.0
Drill 2,165,100.0,0.0,0.0,"(362, 301)","(776, 314)",kick,100.0
Drill 2,166,100.0,0.0,0.0,"(363, 296)","(757, 317)",kick,100.0
Drill 2,167,100.0,0.0,0.0,"(362, 293)","(736, 94)",kick,100.0
Drill 2,168,100.0,11.76,74.37,"(271, 463)","(785, 117)",kick,100.0
Drill 2,169,100.0,0.0,0.0,"(293, 205)","(699, 425)",kick,100.0
Drill 2,170,100.0,5.88,68.61,"(293, 197)","(793, 101)",kick,100.0
Drill 2,171,100.0,0.0,0.0,"(243, 554)","(793, 103)",kick,100.0
Drill 2,172,88.24,0.0,0.0,"(244, 554)","(795, 93)",kick,100.0
Drill 2,173,100.0,0.0,0.0,"(203, 587)","(795, 110)",kick,74.67
Drill 2,174,100.0,0.0,0.0,"(373, 301)","(353, 244)",kick,100.0
Drill 2,175,94.12,23.53,66.96,"(331, 287)","(781, 253)",kick,100.0
Drill 2,176,100.0,17.65,68.73,"(355, 753)","(790, 260)",kick,100.0
Drill 2,177,100.0,17.65,67.79,"(245, 578)","(778, 335)",kick,100.0
Drill 2,178,100.0,0.0,0.0,"(248, 580)","(788, 71)",kick,100.0
Drill 2,179,94.12,11.76,69.61,"(245, 581)","(799, 140)",kick,100.0
Drill 2,180,100.0,0.0,0.0,"(250, 585)","(773, 50)",kick,100.0
Drill 2,181,100.0,11.76,69.65,"(247, 593)","(790, 329)",kick,100.0
Drill 2,182,100.0,0.0,0.0,"(296, 221)","(787, 280)",kick,100.0
Drill 2,183,94.12,70.59,74.58,"(286, 223)","(778, 322)",kick,100.0
Drill 2,184,94.12,5.88,72.76,"(283, 212)","(727, 55)",kick,100.0
Drill 2,185,94.12,0.0,0.0,"(273, 208)","(788, 314)",kick,100.0
Drill 2,186,100.0,0.0,0.0,"(266, 200)","(789, 113)",kick,100.0
Drill 2,187,88.24,0.0,0.0,"(37, 677)","(703, 422)",kick,100.0
Drill 2,188,88.24,23.53,70.33,"(247, 202)","(784, 40)",kick,100.0
Drill 2,189,94.12,41.18,72.35,"(236, 211)","(782, 40)",kick,100.0
Drill 2,190,100.0,5.88,76.56,"(298, 599)","(781, 53)",dribble,100.0
Drill 2,191,100.0,0.0,0.0,"(289, 603)","(773, 304)",dribble,99.32
Drill 2,192,100.0,0.0,0.0,"(386, 289)","(785, 220)",kick,100.0
Drill 2,193,100.0,17.65,75.23,"(224, 231)","(778, 244)",kick,100.0
Drill 2,194,82.35,29.41,73.72,"(217, 238)","(745, 301)",kick,100.0
Drill 2,195,94.12,17.65,74.93,"(313, 722)","(781, 124)",kick,100.0
Drill 2,196,100.0,17.65,75.15,"(349, 713)","(359, 267)",kick,100.0
Drill 2,197,94.12,0.0,0.0,"(302, 704)","(775, 107)",kick,100.0
Drill 2,198,100.0,23.53,71.58,"(283, 692)","(755, 94)",kick,100.0
Drill 2,199,100.0,23.53,72.79,"(253, 681)","(778, 111)",kick,100.0
Drill 2,200,100.0,35.29,72.31,"(236, 667)","(355, 268)",kick,100.0
Drill 2,201,82.35,47.06,77.05,"(261, 635)","(767, 136)",kick,100.0
Drill 2,202,94.12,0.0,0.0,"(187, 673)","(767, 39)",kick,100.0
Drill 2,203,88.24,23.53,72.4,"(238, 595)","(760, 135)",kick,100.0
Drill 2,204,88.24,0.0,0.0,"(241, 579)","(753, 295)",kick,100.0
Drill 2,205,82.35,11.76,77.88,"(225, 555)","(761, 124)",kick,100.0
Drill 2,206,88.24,11.76,75.97,"(255, 550)","(770, 61)",kick,100.0
Drill 2,207,82.35,23.53,79.8,"(263, 541)","(741, 112)",kick,100.0
Drill 2,208,82.35,0.0,0.0,"(395, 281)","(733, 376)",kick,100.0
Drill 2,209,82.35,11.76,76.34,"(232, 519)","(734, 124)",kick,100.0
Drill 2,210,82.35,23.53,75.95,"(226, 506)","(749, 70)",kick,100.0
Drill 2,211,82.35,0.0,0.0,"(227, 232)","(723, 79)",kick,100.0
Drill 2,212,82.35,35.29,78.31,"(231, 231)","(770, 311)",kick,100.0
Drill 2,213,82.35,52.94,81.3,None,"(735, 172)",kick,100.0
Drill 2,214,76.47,23.53,75.81,"(243, 485)","(740, 83)",kick,100.0
Drill 2,215,76.47,35.29,77.25,"(230, 473)","(451, 316)",kick,100.0
Drill 2,216,76.47,11.76,74.89,"(245, 328)","(291, 200)",kick,100.0
Drill 2,217,76.47,11.76,76.05,"(89, 593)","(363, 241)",kick,100.0
Drill 2,218,64.71,0.0,0.0,"(212, 526)","(253, 91)",kick,100.0
Drill 2,219,88.24,17.65,74.39,None,"(371, 242)",kick,100.0
Drill 2,220,94.12,29.41,77.41,None,"(380, 239)",kick,100.0
Drill 2,221,70.59,29.41,75.77,"(220, 523)","(789, 218)",kick,100.0
Drill 2,222,76.47,29.41,77.17,"(217, 457)","(767, 135)",kick,100.0
Drill 2,223,76.47,47.06,80.68,"(165, 327)","(368, 239)",kick,100.0
Drill 2,224,76.47,41.18,79.05,"(220, 447)","(374, 242)",kick,100.0
Drill 2,225,76.47,64.71,83.84,"(259, 347)","(374, 233)",kick,100.0
Drill 2,226,64.71,35.29,76.98,"(229, 463)","(761, 250)",kick,100.0
Drill 2,227,58.82,47.06,78.71,"(219, 463)","(361, 239)",kick,100.0
Drill 2,228,70.59,35.29,76.6,"(226, 452)","(365, 229)",kick,100.0
Drill 2,229,82.35,58.82,78.95,"(223, 439)","(283, 220)",kick,100.0
Drill 2,230,82.35,64.71,80.24,"(427, 698)","(560, 254)",kick,100.0
Drill 2,231,82.35,29.41,78.03,"(209, 409)","(728, 277)",kick,100.0
Drill 2,232,82.35,47.06,79.27,"(254, 297)","(568, 251)",kick,100.0
Drill 2,233,76.47,41.18,80.0,"(223, 409)","(393, 233)",kick,100.0
Drill 2,234,76.47,47.06,81.59,"(224, 409)","(230, 87)",kick,100.0
Drill 2,235,82.35,47.06,83.58,"(223, 386)","(577, 245)",kick,100.0
Drill 2,236,76.47,29.41,80.98,"(223, 385)","(389, 209)",kick,100.0
Drill 2,237,70.59,52.94,81.56,"(218, 409)","(383, 207)",kick,100.0
Drill 2,238,70.59,29.41,79.47,"(452, 748)","(385, 214)",kick,100.0
Drill 2,239,76.47,52.94,83.53,"(232, 385)","(371, 208)",kick,100.0
Drill 2,240,76.47,64.71,81.56,"(445, 806)","(368, 187)",kick,100.0
Drill 2,241,64.71,76.47,83.41,"(436, 791)","(593, 290)",kick,100.0
Drill 2,242,76.47,82.35,84.11,"(411, 731)","(621, 233)",kick,100.0
Drill 2,243,82.35,58.82,84.06,"(413, 728)","(623, 232)",kick,100.0
Drill 2,244,58.82,64.71,81.92,"(388, 757)","(631, 231)",kick,100.0
Drill 2,245,76.47,52.94,83.25,"(220, 397)","(389, 189)",kick,100.0
Drill 2,246,82.35,58.82,85.45,"(392, 755)","(651, 235)",kick,100.0
Drill 2,247,82.35,76.47,85.03,"(418, 741)","(655, 232)",kick,100.0
Drill 2,248,82.35,64.71,85.36,"(394, 771)","(661, 227)",kick,100.0
Drill 2,249,76.47,64.71,85.09,"(305, 380)","(718, 319)",kick,100.0
Drill 2,250,76.47,70.59,83.85,"(423, 751)","(405, 176)",kick,100.0
Drill 2,251,76.47,94.12,82.42,"(385, 787)","(685, 227)",kick,100.0
Drill 2,252,82.35,94.12,83.57,"(411, 293)","(382, 128)",kick,100.0
Drill 2,253,64.71,88.24,81.56,"(260, 309)","(695, 230)",kick,100.0
Drill 2,254,76.47,94.12,81.96,"(421, 309)","(392, 109)",kick,100.0
Drill 2,255,82.35,94.12,81.41,"(350, 783)","(707, 233)",kick,100.0
Drill 2,256,76.47,94.12,80.14,"(230, 397)","(719, 235)",kick,100.0
Drill 2,257,76.47,100.0,80.85,"(356, 803)","(719, 233)",kick,100.0
Drill 2,258,76.47,100.0,80.68,"(223, 380)","(722, 241)",kick,100.0
Drill 2,259,76.47,100.0,80.9,"(223, 377)","(727, 245)",kick,100.0
Drill 2,260,76.47,100.0,81.41,"(217, 375)","(725, 244)",kick,100.0
Drill 2,261,76.47,94.12,81.39,"(213, 380)","(734, 245)",kick,100.0
Drill 2,262,64.71,94.12,81.98,"(293, 343)","(751, 249)",kick,100.0
Drill 2,263,70.59,100.0,83.09,"(325, 783)","(751, 243)",kick,100.0
Drill 2,264,70.59,94.12,81.23,"(314, 787)","(745, 247)",kick,100.0
Drill 2,265,82.35,94.12,80.07,"(340, 793)","(753, 250)",kick,100.0
Drill 2,266,82.35,94.12,80.54,"(375, 795)","(755, 259)",kick,100.0
Drill 2,267,88.24,76.47,77.82,"(217, 409)","(363, 145)",kick,100.0
Drill 2,268,76.47,88.24,80.0,"(413, 325)","(758, 253)",kick,100.0
Drill 2,269,76.47,94.12,82.02,"(214, 398)","(757, 254)",kick,100.0
Drill 2,270,82.35,70.59,83.11,"(86, 763)","(760, 251)",kick,100.0
Drill 2,271,76.47,100.0,81.78,"(317, 799)","(760, 256)",kick,100.0
Drill 2,272,82.35,82.35,81.29,"(305, 357)","(749, 262)",kick,100.0
Drill 2,273,76.47,88.24,77.74,"(267, 796)","(733, 263)",kick,100.0
Drill 2,274,94.12,100.0,78.56,"(254, 815)","(710, 263)",kick,100.0
Drill 2,275,82.35,70.59,80.48,None,"(718, 269)",kick,100.0
Drill 2,276,82.35,82.35,79.5,"(292, 364)","(706, 271)",kick,100.0
Drill 2,277,100.0,70.59,82.44,"(329, 773)","(707, 278)",kick,100.0
Drill 2,278,88.24,64.71,82.45,"(69, 776)","(737, 263)",kick,100.0
Drill 2,279,88.24,76.47,81.23,None,"(698, 275)",kick,100.0
Drill 2,280,76.47,94.12,83.27,None,"(695, 285)",kick,100.0
Drill 2,281,70.59,82.35,85.06,"(55, 807)","(686, 250)",kick,100.0
Drill 2,282,82.35,100.0,84.52,"(307, 787)","(503, 201)",kick,100.0
Drill 2,283,76.47,100.0,85.92,"(409, 349)","(175, 80)",kick,100.0
Drill 3,1,82.35,76.47,82.64,"(214, 291)","(381, 286)",kick,100.0
Drill 3,2,100.0,76.47,82.55,"(626, 289)","(727, 395)",kick,100.0
Drill 3,3,94.12,76.47,84.05,"(219, 286)","(728, 404)",kick,100.0
Drill 3,4,88.24,82.35,84.27,"(226, 287)","(379, 291)",kick,100.0
Drill 3,5,88.24,94.12,83.93,"(615, 305)","(729, 122)",kick,100.0
Drill 3,6,82.35,88.24,83.85,"(596, 302)","(656, 284)",kick,100.0
Drill 3,7,88.24,70.59,85.45,"(596, 326)","(716, 400)",kick,100.0
Drill 3,8,88.24,76.47,84.71,"(225, 281)","(377, 295)",kick,100.0
Drill 3,9,82.35,70.59,84.41,"(223, 283)","(652, 334)",kick,100.0
Drill 3,10,88.24,82.35,84.06,"(223, 287)","(376, 298)",kick,100.0
Drill 3,11,88.24,70.59,85.2,"(533, 285)","(370, 290)",kick,100.0
Drill 3,12,88.24,70.59,85.09,"(530, 283)","(377, 299)",kick,100.0
Drill 3,13,88.24,64.71,87.22,"(230, 292)","(369, 291)",kick,100.0
Drill 3,14,82.35,76.47,85.49,"(529, 277)","(369, 293)",kick,100.0
Drill 3,15,82.35,70.59,87.74,"(532, 273)","(701, 233)",kick,100.0
Drill 3,16,70.59,58.82,87.92,"(538, 269)","(787, 124)",kick,100.0
Drill 3,17,88.24,70.59,87.17,"(571, 347)","(791, 134)",kick,100.0
Drill 3,18,88.24,64.71,87.3,"(557, 263)","(785, 131)",kick,100.0
Drill 3,19,88.24,76.47,86.53,"(242, 292)","(782, 134)",kick,100.0
Drill 3,20,94.12,70.59,84.79,"(584, 259)","(787, 139)",kick,100.0
Drill 3,21,88.24,82.35,86.89,"(239, 287)","(794, 149)",kick,100.0
Drill 3,22,88.24,58.82,86.31,"(551, 254)","(784, 142)",kick,100.0
Drill 3,23,88.24,58.82,85.82,"(537, 251)","(778, 141)",kick,100.0
Drill 3,24,76.47,52.94,86.69,"(526, 249)","(713, 229)",kick,100.0
Drill 3,25,88.24,52.94,84.04,"(520, 245)","(761, 307)",kick,100.0
Drill 3,26,70.59,52.94,83.55,"(514, 242)","(784, 142)",kick,100.0
Drill 3,27,88.24,41.18,82.94,"(513, 239)","(735, 199)",kick,100.0
Drill 3,28,82.35,64.71,84.8,"(514, 237)","(705, 170)",kick,100.0
Drill 3,29,82.35,70.59,87.2,"(518, 235)","(416, 202)",kick,100.0
Drill 3,30,70.59,64.71,88.56,"(523, 232)","(681, 235)",kick,100.0
Drill 3,31,88.24,82.35,86.5,"(535, 230)","(785, 145)",kick,100.0
Drill 3,32,94.12,64.71,86.19,"(253, 278)","(707, 167)",kick,100.0
Drill 3,33,76.47,76.47,86.25,"(249, 275)","(745, 310)",kick,100.0
Drill 3,34,94.12,82.35,86.51,"(248, 273)","(675, 188)",kick,100.0
Drill 3,35,100.0,82.35,86.93,"(596, 220)","(772, 59)",kick,100.0
Drill 3,36,94.12,88.24,85.25,"(583, 218)","(765, 133)",kick,100.0
Drill 3,37,82.35,82.35,86.35,"(572, 217)","(781, 159)",kick,100.0
Drill 3,38,88.24,88.24,85.61,"(557, 213)","(765, 135)",kick,100.0
Drill 3,39,94.12,76.47,85.13,"(239, 269)","(748, 321)",kick,100.0
Drill 3,40,100.0,70.59,82.95,"(241, 269)","(785, 154)",kick,100.0
Drill 3,41,88.24,88.24,85.72,"(549, 209)","(764, 146)",kick,100.0
Drill 3,42,88.24,82.35,84.95,"(548, 208)","(757, 319)",kick,100.0
Drill 3,43,94.12,94.12,83.3,"(236, 275)","(364, 146)",kick,100.0
Drill 3,44,76.47,94.12,83.23,"(560, 205)","(715, 173)",kick,100.0
Drill 3,45,88.24,88.24,83.98,"(568, 202)","(787, 157)",kick,100.0
Drill 3,46,94.12,82.35,83.57,"(580, 203)","(311, 152)",kick,100.0
Drill 3,47,88.24,76.47,82.34,"(597, 201)","(770, 139)",kick,100.0
Drill 3,48,88.24,88.24,83.66,"(615, 201)","(761, 321)",kick,100.0
Drill 3,49,88.24,94.12,83.2,"(247, 265)","(771, 196)",kick,100.0
Drill 3,50,94.12,64.71,83.37,"(245, 262)","(634, 217)",kick,100.0
Drill 3,51,88.24,64.71,83.81,"(584, 199)","(695, 257)",kick,100.0
Drill 3,52,94.12,76.47,85.9,"(567, 200)","(743, 133)",kick,100.0
Drill 3,53,88.24,88.24,89.58,"(554, 199)","(433, 262)",kick,100.0
Drill 3,54,88.24,76.47,89.36,"(538, 203)","(785, 166)",kick,100.0
Drill 3,55,88.24,70.59,84.31,"(236, 253)","(776, 337)",kick,100.0
Drill 3,56,88.24,76.47,86.3,"(526, 201)","(779, 160)",kick,100.0
Drill 3,57,88.24,64.71,84.19,"(237, 249)","(412, 182)",kick,100.0
Drill 3,58,88.24,70.59,88.26,"(527, 202)","(775, 67)",kick,100.0
Drill 3,59,82.35,70.59,86.45,"(531, 202)","(751, 69)",kick,100.0
Drill 3,60,88.24,70.59,86.82,"(537, 205)","(658, 143)",kick,100.0
Drill 3,61,88.24,64.71,85.84,"(547, 205)","(536, 191)",kick,100.0
Drill 3,62,100.0,64.71,84.79,"(559, 206)","(512, 188)",kick,100.0
Drill 3,63,94.12,64.71,85.67,"(256, 224)","(789, 166)",kick,100.0
Drill 3,64,88.24,64.71,85.86,"(590, 207)","(646, 135)",kick,100.0
Drill 3,65,94.12,64.71,84.56,"(609, 207)","(597, 329)",kick,100.0
Drill 3,66,94.12,64.71,85.56,"(637, 223)","(593, 63)",kick,100.0
Drill 3,67,88.24,76.47,86.16,"(623, 205)","(341, 275)",kick,100.0
Drill 3,68,88.24,70.59,84.77,"(635, 214)","(611, 271)",kick,100.0
Drill 3,69,94.12,58.82,83.32,"(595, 201)","(735, 173)",kick,100.0
Drill 3,70,100.0,47.06,83.06,"(585, 201)","(785, 158)",kick,100.0
Drill 3,71,100.0,58.82,82.53,"(253, 215)","(699, 404)",kick,100.0
Drill 3,72,100.0,76.47,87.53,"(574, 195)","(754, 333)",kick,100.0
Drill 3,73,100.0,70.59,84.57,"(254, 220)","(484, 289)",kick,100.0
Drill 3,74,94.12,58.82,84.16,"(574, 190)","(729, 179)",kick,100.0
Drill 3,75,94.12,29.41,84.26,"(257, 223)","(686, 380)",kick,100.0
Drill 3,76,94.12,52.94,84.04,"(584, 187)","(765, 211)",kick,100.0
Drill 3,77,94.12,64.71,84.13,"(611, 177)","(758, 205)",kick,100.0
Drill 3,78,94.12,58.82,85.34,"(639, 224)","(601, 329)",kick,100.0
Drill 3,79,94.12,64.71,83.86,"(621, 182)","(770, 125)",kick,100.0
Drill 3,80,94.12,70.59,84.03,"(632, 178)","(706, 245)",kick,100.0
Drill 3,81,94.12,64.71,82.16,"(631, 231)","(722, 251)",kick,100.0
Drill 3,82,94.12,70.59,84.95,"(632, 242)","(761, 203)",kick,100.0
Drill 3,83,88.24,82.35,88.08,"(571, 175)","(773, 121)",kick,100.0
Drill 3,84,88.24,88.24,88.04,"(555, 173)","(331, 201)",kick,100.0
Drill 3,85,88.24,76.47,88.15,"(254, 208)","(704, 181)",kick,100.0
Drill 3,86,94.12,94.12,88.31,"(531, 173)","(279, 218)",kick,100.0
Drill 3,87,94.12,76.47,85.63,"(250, 212)","(261, 226)",kick,100.0
Drill 3,88,94.12,76.47,86.56,"(520, 172)","(244, 235)",kick,100.0
Drill 3,89,94.12,82.35,88.27,"(517, 171)","(741, 191)",kick,100.0
Drill 3,90,88.24,82.35,88.53,"(517, 173)","(793, 290)",kick,100.0
Drill 3,91,76.47,70.59,86.21,"(519, 173)","(739, 173)",kick,100.0
Drill 3,92,88.24,76.47,85.01,"(530, 175)","(686, 344)",kick,100.0
Drill 3,93,88.24,70.59,84.0,"(249, 213)","(705, 376)",kick,100.0
Drill 3,94,100.0,76.47,84.17,"(248, 212)","(782, 245)",kick,100.0
Drill 3,95,94.12,70.59,86.96,"(567, 176)","(452, 272)",kick,100.0
Drill 3,96,88.24,76.47,85.89,"(584, 178)","(233, 298)",kick,100.0
Drill 3,97,94.12,70.59,86.19,"(244, 209)","(783, 253)",kick,100.0
Drill 3,98,94.12,82.35,85.06,"(628, 177)","(458, 263)",kick,100.0
Drill 3,99,94.12,76.47,82.97,"(239, 208)","(285, 314)",kick,100.0
Drill 3,100,100.0,82.35,82.47,"(589, 170)","(721, 337)",kick,100.0
Drill 3,101,94.12,64.71,81.7,"(236, 212)","(715, 285)",kick,100.0
Drill 3,102,94.12,70.59,82.36,"(560, 166)","(761, 133)",kick,100.0
Drill 3,103,88.24,58.82,78.9,"(548, 161)","(778, 137)",kick,100.0
Drill 3,104,94.12,47.06,72.75,"(541, 158)","(781, 133)",kick,100.0
Drill 3,105,82.35,70.59,79.98,"(218, 226)","(771, 183)",kick,100.0
Drill 3,106,88.24,64.71,81.12,"(217, 230)","(721, 308)",kick,100.0
Drill 3,107,88.24,70.59,77.38,"(538, 149)","(584, 297)",kick,100.0
Drill 3,108,88.24,82.35,83.46,"(544, 146)","(783, 111)",kick,100.0
Drill 3,109,82.35,52.94,71.48,"(499, 219)","(783, 106)",kick,100.0
Drill 3,110,94.12,70.59,78.7,"(590, 146)","(779, 124)",kick,100.0
Drill 3,111,88.24,47.06,74.05,"(575, 137)","(357, 237)",kick,100.0
Drill 3,112,88.24,35.29,83.01,"(592, 134)","(757, 107)",kick,100.0
Drill 3,113,88.24,35.29,76.77,"(599, 135)","(483, 319)",kick,100.0
Drill 3,114,88.24,52.94,76.8,"(603, 141)","(787, 419)",kick,100.0
Drill 3,115,88.24,52.94,73.91,"(602, 139)","(755, 94)",kick,100.0
Drill 3,116,94.12,52.94,77.75,"(591, 143)","(754, 71)",kick,100.0
Drill 3,117,88.24,52.94,76.65,"(190, 223)","(779, 182)",kick,100.0
Drill 3,118,88.24,70.59,78.68,"(515, 133)","(758, 87)",kick,100.0
Drill 3,119,88.24,76.47,77.31,"(188, 220)","(725, 299)",kick,100.0
Drill 3,120,88.24,76.47,76.42,"(506, 134)","(550, 233)",kick,100.0
Drill 3,121,88.24,58.82,72.17,"(507, 133)","(757, 117)",kick,100.0
Drill 3,122,88.24,47.06,73.91,"(506, 133)","(634, 307)",kick,100.0
Drill 3,123,94.12,70.59,73.94,"(181, 214)","(735, 199)",kick,100.0
Drill 3,124,94.12,58.82,73.7,"(183, 211)","(693, 116)",kick,100.0
Drill 3,125,94.12,64.71,74.07,"(183, 209)","(787, 83)",kick,100.0
Drill 3,126,88.24,64.71,76.57,"(182, 202)","(709, 191)",kick,100.0
Drill 3,127,82.35,52.94,73.81,"(556, 140)","(788, 309)",kick,100.0
Drill 3,128,88.24,58.82,72.7,"(176, 196)","(441, 151)",kick,100.0
Drill 3,129,88.24,76.47,72.83,"(577, 143)","(323, 331)",kick,100.0
Drill 3,130,94.12,64.71,72.6,"(173, 194)","(747, 76)",kick,100.0
Drill 3,131,94.12,52.94,72.4,"(169, 194)","(746, 80)",kick,100.0
Drill 3,132,94.12,58.82,67.62,"(499, 134)","(547, 158)",kick,100.0
Drill 3,133,94.12,70.59,70.37,"(472, 129)","(802, 67)",kick,100.0
Drill 3,134,82.35,64.71,73.9,"(167, 200)","(314, 361)",kick,100.0
Drill 3,135,82.35,64.71,74.0,"(164, 201)","(501, 207)",kick,100.0
Drill 3,136,100.0,70.59,72.02,"(421, 127)","(332, 375)",kick,100.0
Drill 3,137,94.12,47.06,72.08,"(405, 125)","(346, 380)",kick,100.0
Drill 3,138,82.35,58.82,73.92,"(398, 122)","(367, 383)",kick,100.0
Drill 3,139,88.24,58.82,74.15,"(393, 122)","(389, 388)",kick,100.0
Drill 3,140,88.24,64.71,74.35,"(392, 121)","(415, 394)",kick,100.0
Drill 3,141,82.35,58.82,73.5,"(158, 208)","(443, 395)",kick,100.0
Drill 3,142,88.24,64.71,73.39,"(399, 111)","(475, 398)",kick,100.0
Drill 3,143,88.24,64.71,75.59,"(409, 112)","(509, 398)",kick,100.0
Drill 3,144,88.24,94.12,80.7,"(161, 205)","(548, 397)",kick,100.0
Drill 3,145,88.24,70.59,76.98,"(430, 112)","(544, 392)",kick,100.0
Drill 3,146,88.24,70.59,75.12,"(448, 111)","(520, 383)",kick,100.0
Drill 3,147,82.35,76.47,77.02,"(467, 110)","(509, 285)",kick,100.0
Drill 3,148,88.24,88.24,77.73,"(493, 112)","(467, 370)",kick,100.0
Drill 3,149,94.12,76.47,72.42,"(177, 213)","(457, 361)",kick,100.0
Drill 3,150,100.0,82.35,72.32,"(545, 111)","(448, 351)",kick,100.0
Drill 3,151,100.0,88.24,72.11,"(572, 109)","(437, 343)",kick,100.0
Drill 3,152,94.12,47.06,70.08,"(559, 109)","(427, 333)",kick,100.0
Drill 3,153,100.0,64.71,73.48,"(589, 155)","(424, 322)",kick,100.0
Drill 3,154,100.0,82.35,75.26,"(536, 115)","(442, 273)",kick,100.0
Drill 3,155,100.0,94.12,76.96,"(164, 195)","(443, 267)",kick,100.0
Drill 3,156,100.0,70.59,74.2,"(163, 193)","(445, 267)",kick,100.0
Drill 3,157,94.12,76.47,74.77,"(171, 209)","(479, 259)",kick,100.0
Drill 3,158,94.12,41.18,69.85,"(525, 123)","(487, 256)",kick,100.0
Drill 3,159,94.12,58.82,68.98,"(530, 128)","(489, 256)",kick,100.0
Drill 3,160,88.24,70.59,72.05,"(171, 194)","(465, 260)",kick,100.0
Drill 3,161,82.35,76.47,74.8,"(551, 129)","(464, 249)",kick,100.0
Drill 3,162,94.12,82.35,75.21,"(566, 133)","(560, 271)",kick,100.0
Drill 3,163,94.12,76.47,74.67,"(581, 136)","(591, 263)",kick,100.0
Drill 3,164,94.12,64.71,72.36,"(593, 135)","(621, 260)",kick,100.0
Drill 3,165,94.12,64.71,74.93,"(179, 196)","(617, 253)",kick,100.0
Drill 3,166,100.0,70.59,73.2,"(167, 181)","(459, 245)",kick,100.0
Drill 3,167,94.12,52.94,69.16,"(176, 199)","(626, 239)",kick,100.0
Drill 3,168,94.12,76.47,75.34,"(167, 179)","(638, 235)",kick,100.0
Drill 3,169,94.12,76.47,72.91,"(165, 181)","(650, 232)",kick,100.0
Drill 3,170,100.0,94.12,76.87,"(163, 181)","(461, 214)",kick,100.0
Drill 3,171,100.0,76.47,74.7,"(161, 182)","(454, 203)",kick,100.0
Drill 3,172,100.0,94.12,78.49,"(161, 183)","(464, 218)",kick,100.0
Drill 3,173,94.12,94.12,79.1,"(160, 187)","(729, 212)",kick,100.0
Drill 3,174,82.35,58.82,74.61,"(475, 115)","(459, 208)",kick,100.0
Drill 3,175,94.12,52.94,72.95,"(167, 179)","(454, 212)",kick,100.0
Drill 3,176,94.12,88.24,80.23,"(485, 113)","(439, 199)",kick,100.0
Drill 3,177,88.24,94.12,82.78,"(493, 119)","(445, 211)",kick,100.0
Drill 3,178,100.0,70.59,78.04,"(181, 182)","(442, 208)",kick,100.0
Drill 3,179,100.0,70.59,78.5,"(526, 110)","(431, 199)",kick,100.0
Drill 3,180,94.12,64.71,78.19,"(545, 109)","(436, 199)",kick,100.0
Drill 3,181,100.0,64.71,77.16,"(568, 106)","(436, 200)",kick,100.0
Drill 3,182,94.12,76.47,79.42,"(571, 107)","(453, 212)",kick,100.0
Drill 3,183,94.12,76.47,79.96,"(551, 104)","(639, 191)",kick,100.0
Drill 3,184,100.0,76.47,78.34,"(533, 109)","(367, 185)",kick,100.0
Drill 3,185,100.0,82.35,79.19,"(519, 107)","(484, 229)",kick,100.0
Drill 3,186,100.0,58.82,76.1,"(166, 157)","(500, 220)",kick,100.0
Drill 3,187,100.0,70.59,77.26,"(500, 116)","(663, 213)",kick,100.0
Drill 3,188,100.0,76.47,79.78,"(495, 117)","(655, 211)",kick,100.0
Drill 3,189,88.24,70.59,79.32,"(490, 117)","(644, 206)",kick,100.0
Drill 3,190,94.12,76.47,80.68,"(164, 158)","(347, 196)",kick,100.0
Drill 3,191,88.24,88.24,82.54,"(166, 154)","(346, 199)",kick,100.0
Drill 3,192,94.12,70.59,80.79,"(503, 127)","(343, 201)",kick,100.0
Drill 3,193,88.24,94.12,83.89,"(513, 129)","(457, 229)",kick,100.0
Drill 3,194,88.24,70.59,78.44,"(525, 131)","(605, 271)",kick,100.0
Drill 3,195,88.24,70.59,83.0,"(544, 133)","(646, 219)",kick,100.0
Drill 3,196,100.0,64.71,79.91,"(565, 137)","(585, 217)",kick,100.0
Drill 3,197,94.12,52.94,78.59,"(587, 142)","(581, 224)",kick,100.0
Drill 3,198,94.12,58.82,78.82,"(610, 143)","(580, 224)",kick,100.0
Drill 3,199,100.0,76.47,80.52,"(589, 141)","(596, 211)",kick,100.0
Drill 3,200,100.0,64.71,79.37,"(585, 149)","(586, 223)",kick,100.0
Drill 3,201,88.24,64.71,77.7,"(553, 143)","(627, 230)",kick,100.0
Drill 3,202,100.0,58.82,75.72,"(169, 163)","(328, 224)",kick,100.0
